-- phpMyAdmin SQL Dump
-- version 5.2.1
-- https://www.phpmyadmin.net/
--
-- Host: 127.0.0.1
-- Generation Time: Dec 17, 2024 at 03:24 AM
-- Server version: 10.4.32-MariaDB
-- PHP Version: 8.2.12

SET SQL_MODE = "NO_AUTO_VALUE_ON_ZERO";
START TRANSACTION;
SET time_zone = "+00:00";


/*!40101 SET @OLD_CHARACTER_SET_CLIENT=@@CHARACTER_SET_CLIENT */;
/*!40101 SET @OLD_CHARACTER_SET_RESULTS=@@CHARACTER_SET_RESULTS */;
/*!40101 SET @OLD_COLLATION_CONNECTION=@@COLLATION_CONNECTION */;
/*!40101 SET NAMES utf8mb4 */;

--
-- Database: `app_pengaduan`
--

-- --------------------------------------------------------

--
-- Table structure for table `masyarakat`
--

CREATE TABLE `masyarakat` (
  `nik` char(16) NOT NULL,
  `nama` varchar(35) NOT NULL,
  `username` varchar(25) NOT NULL,
  `pass` varchar(32) NOT NULL,
  `telp` varchar(13) NOT NULL
) ENGINE=InnoDB DEFAULT CHARSET=utf8mb4 COLLATE=utf8mb4_general_ci;

--
-- Dumping data for table `masyarakat`
--

INSERT INTO `masyarakat` (`nik`, `nama`, `username`, `pass`, `telp`) VALUES
('1122', 'andre', 'andre', '1', '9843572409'),
('123', 'aditya', 'aditya', '1', '84571014'),
('12345', 'raka', 'raka', '1', '086868595'),
('4321', 'dista', 'dista', '1', '9846752609');

-- --------------------------------------------------------

--
-- Table structure for table `pengaduan`
--

CREATE TABLE `pengaduan` (
  `id_pengaduan` int(11) NOT NULL,
  `tgl_pengaduan` date NOT NULL,
  `nik` char(16) NOT NULL,
  `isi_laporan` text NOT NULL,
  `foto` varchar(255) DEFAULT NULL,
  `status` enum('0','proses','selesai') NOT NULL DEFAULT '0'
) ENGINE=InnoDB DEFAULT CHARSET=utf8mb4 COLLATE=utf8mb4_general_ci;

--
-- Dumping data for table `pengaduan`
--

INSERT INTO `pengaduan` (`id_pengaduan`, `tgl_pengaduan`, `nik`, `isi_laporan`, `foto`, `status`) VALUES
(15, '2024-12-10', '12345', '<p>saya ingin melaporkan tentang kebakaran yang terjadi di rumah saudara teman saya</p>', 'terbakar.jpg', 'selesai'),
(16, '2024-12-10', '4321', '<p>saya ingin melaporkan tentang pencurian buah di rumah teman saya</p>', 'IMG_20240810_093313-1521966267.webp', 'selesai'),
(17, '2024-12-10', '1122', '<p>saya ingin melaporkan tentang kasus pelecehan di kampung jalak biru</p>', '603dd87d043c8.jpg', 'selesai'),
(23, '2024-12-10', '123', '<p>saya ingin melaporkan tentang jembatan yang rusak akibat terlalu lama digunakan</p>', 'images.jfif', 'selesai'),
(24, '2024-12-17', '123', '<p>fmasdhbflkadshfa</p>', 'images.jfif', 'selesai');

-- --------------------------------------------------------

--
-- Table structure for table `petugas`
--

CREATE TABLE `petugas` (
  `id_petugas` int(11) NOT NULL,
  `nama_petugas` varchar(35) NOT NULL,
  `username` varchar(25) NOT NULL,
  `pass` varchar(32) NOT NULL,
  `telp` varchar(13) NOT NULL,
  `level` enum('admin','petugas') NOT NULL
) ENGINE=InnoDB DEFAULT CHARSET=utf8mb4 COLLATE=utf8mb4_general_ci;

--
-- Dumping data for table `petugas`
--

INSERT INTO `petugas` (`id_petugas`, `nama_petugas`, `username`, `pass`, `telp`, `level`) VALUES
(2, 'admin', 'admin', '1', '0020023', 'admin'),
(3, 'petugas', 'petugas', '1', '0348304', 'petugas');

-- --------------------------------------------------------

--
-- Table structure for table `tanggapan`
--

CREATE TABLE `tanggapan` (
  `id_tanggapan` int(11) NOT NULL,
  `id_pengaduan` int(11) NOT NULL,
  `tgl_tanggapan` date NOT NULL,
  `tanggapan` text NOT NULL,
  `id_petugas` int(11) NOT NULL
) ENGINE=InnoDB DEFAULT CHARSET=utf8mb4 COLLATE=utf8mb4_general_ci;

--
-- Dumping data for table `tanggapan`
--

INSERT INTO `tanggapan` (`id_tanggapan`, `id_pengaduan`, `tgl_tanggapan`, `tanggapan`, `id_petugas`) VALUES
(92, 15, '2024-12-10', 'terima kasih atas laporan anda, kami sudah mengurus/memadamkan api nya', 2),
(93, 17, '2024-12-10', 'terima kasih atas laporan anda, kami telah menangkap pelaku dengan inisial ASJ dengan tuduhan pelecehan', 2),
(94, 23, '2024-12-11', 'terima kasih atas laporan anda, tim akan langsung ke tkp untuk memperbaiki jembatan tersebut', 2),
(95, 16, '2024-12-17', 'kjdhfbhalkdsfhasdfhasdf', 2),
(96, 24, '2024-12-17', 'dsafsdfasfas', 2);

--
-- Indexes for dumped tables
--

--
-- Indexes for table `masyarakat`
--
ALTER TABLE `masyarakat`
  ADD PRIMARY KEY (`nik`);

--
-- Indexes for table `pengaduan`
--
ALTER TABLE `pengaduan`
  ADD PRIMARY KEY (`id_pengaduan`),
  ADD KEY `nik` (`nik`);

--
-- Indexes for table `petugas`
--
ALTER TABLE `petugas`
  ADD PRIMARY KEY (`id_petugas`);

--
-- Indexes for table `tanggapan`
--
ALTER TABLE `tanggapan`
  ADD PRIMARY KEY (`id_tanggapan`),
  ADD KEY `id_pengaduan` (`id_pengaduan`),
  ADD KEY `id_petugas` (`id_petugas`);

--
-- AUTO_INCREMENT for dumped tables
--

--
-- AUTO_INCREMENT for table `pengaduan`
--
ALTER TABLE `pengaduan`
  MODIFY `id_pengaduan` int(11) NOT NULL AUTO_INCREMENT, AUTO_INCREMENT=25;

--
-- AUTO_INCREMENT for table `petugas`
--
ALTER TABLE `petugas`
  MODIFY `id_petugas` int(11) NOT NULL AUTO_INCREMENT, AUTO_INCREMENT=4;

--
-- AUTO_INCREMENT for table `tanggapan`
--
ALTER TABLE `tanggapan`
  MODIFY `id_tanggapan` int(11) NOT NULL AUTO_INCREMENT, AUTO_INCREMENT=97;

--
-- Constraints for dumped tables
--

--
-- Constraints for table `pengaduan`
--
ALTER TABLE `pengaduan`
  ADD CONSTRAINT `pengaduan_ibfk_1` FOREIGN KEY (`nik`) REFERENCES `masyarakat` (`nik`);

--
-- Constraints for table `tanggapan`
--
ALTER TABLE `tanggapan`
  ADD CONSTRAINT `tanggapan_ibfk_1` FOREIGN KEY (`id_pengaduan`) REFERENCES `pengaduan` (`id_pengaduan`),
  ADD CONSTRAINT `tanggapan_ibfk_2` FOREIGN KEY (`id_petugas`) REFERENCES `petugas` (`id_petugas`);
COMMIT;

/*!40101 SET CHARACTER_SET_CLIENT=@OLD_CHARACTER_SET_CLIENT */;
/*!40101 SET CHARACTER_SET_RESULTS=@OLD_CHARACTER_SET_RESULTS */;
/*!40101 SET COLLATION_CONNECTION=@OLD_COLLATION_CONNECTION */;
